Query,Answer + timings,timestamp
"Bangladesh er eibar er election e kon dol jitbe
","ফেব্রুয়ারি ৩, ২০২৬-এর নির্বাচনে কোন দল কতটা জয় করবে তা এখনও অনিশ্চিত। তবে প্রাথমিক প্রতিবেদনগুলো থেকে দেখা যাচ্ছে যে বিএনপি ও আওয়ামী লীগের মধ্যে প্রতিদ্বন্দ্বিতা অত্যন্ত কঠিন হতে পারে।

---
Total: 3.18s | Queue: 0.0s | GPU: 1.97s | End-to-end: 3.2s

Sources:
- https://www.dhakapost.com/topic/নির্বাচন",2026-02-03 10:25:48.918276
"bangladesh er first kaggle master ke?
","Mobassir Hossen is widely recognized as Bangladesh's first Kaggle Master, achieving this milestone in 2023. His journey from a beginner to a top-ranked data scientist on Kaggle has inspired countless aspiring data professionals across the country.

---
Total: 2.68s | Queue: 0.0s | GPU: 0.55s | End-to-end: 2.7s

Sources:
- https://www.linkedin.com/posts/mobassir-hossen-916a83137_the-story-of-mobassir-hossen-the-first-kaggle-activity-6919266907741196289-MSX7",2026-02-03 12:05:20.224573
